TransactionID,item1,item2,item3,item4,item5,item6,item7
1,olives,,,,,,
2,tuna,prosciutto,olives,ham,turkey,,
3,risotto,soda,tuna,crackers,peroni,olives,
4,avocado,crackers,hummus,peroni,ham,turkey,
5,tuna,prosciutto,apples,olives,steak,avocado,turkey
6,pretzels,peroni,chicken,coke,gelato,peppers,ham
7,olives,sarsaparilla,coke,turkey,gelato,peroni,
8,prosciutto,peppers,sarsaparilla,crackers,chicken,gelato,risotto
9,soda,olives,sarsaparilla,crackers,peroni,peppers,risotto
10,prosciutto,peppers,sarsaparilla,crackers,chicken,moscato,tuna
11,risotto,pretzels,apples,peppers,avocado,steak,turkey
12,risotto,tuna,avocado,hummus,peroni,apples,prosciutto
13,tuna,prosciutto,apples,olives,steak,pretzels,peroni
14,risotto,pretzels,apples,peppers,avocado,steak,gelato
15,tuna,prosciutto,olives,ham,turkey,coke,apples
16,olives,sarsaparilla,coke,turkey,gelato,hummus,ham
17,risotto,tuna,avocado,hummus,peroni,coke,turkey
18,pretzels,peroni,chicken,coke,gelato,prosciutto,apples
19,soda,olives,sarsaparilla,crackers,peroni,risotto,peppers
20,soda,olives,sarsaparilla,crackers,peroni,steak,tuna
21,tuna,prosciutto,olives,ham,turkey,apples,risotto
22,risotto,tuna,avocado,hummus,peroni,sarsaparilla,prosciutto
23,soda,olives,sarsaparilla,crackers,peroni,hummus,steak
24,soda,olives,sarsaparilla,crackers,peroni,prosciutto,tuna
25,pretzels,peroni,chicken,coke,gelato,apples,risotto
26,pretzels,peroni,chicken,coke,gelato,prosciutto,peppers
27,olives,sarsaparilla,coke,turkey,gelato,apples,risotto
28,olives,sarsaparilla,coke,turkey,gelato,soda,avocado
29,soda,olives,sarsaparilla,crackers,peroni,hummus,peppers
30,olives,sarsaparilla,coke,turkey,gelato,pretzels,soda
31,olives,sarsaparilla,coke,turkey,gelato,soda,ham
32,prosciutto,peppers,sarsaparilla,crackers,chicken,tuna,coke
33,risotto,pretzels,apples,peppers,avocado,prosciutto,chicken
34,soda,olives,sarsaparilla,crackers,peroni,moscato,ham
35,risotto,tuna,avocado,hummus,peroni,moscato,soda
36,tuna,prosciutto,olives,ham,turkey,crackers,risotto
37,avocado,crackers,hummus,peroni,ham,prosciutto,pretzels
38,soda,olives,sarsaparilla,crackers,peroni,apples,steak
39,risotto,tuna,avocado,hummus,peroni,soda,ham
40,pretzels,peroni,chicken,coke,gelato,hummus,steak
41,soda,olives,sarsaparilla,crackers,peroni,hummus,coke
42,tuna,prosciutto,apples,olives,steak,risotto,chicken
43,pretzels,peroni,chicken,coke,gelato,crackers,steak
44,soda,olives,sarsaparilla,crackers,peroni,steak,tuna
45,tuna,prosciutto,olives,ham,turkey,sarsaparilla,peroni
46,prosciutto,peppers,sarsaparilla,crackers,chicken,gelato,gelato
47,risotto,pretzels,apples,peppers,avocado,chicken,steak
48,risotto,soda,tuna,crackers,peroni,pretzels,hummus
49,prosciutto,peppers,sarsaparilla,crackers,chicken,turkey,gelato
50,avocado,crackers,hummus,peroni,ham,pretzels,tuna
51,soda,olives,sarsaparilla,crackers,peroni,moscato,avocado
52,risotto,pretzels,apples,peppers,avocado,turkey,gelato
53,risotto,soda,tuna,crackers,peroni,olives,avocado
54,risotto,tuna,avocado,hummus,peroni,prosciutto,chicken
55,tuna,prosciutto,olives,ham,turkey,avocado,risotto
56,risotto,soda,tuna,crackers,peroni,prosciutto,ham
57,pretzels,peroni,chicken,coke,gelato,olives,prosciutto
58,risotto,soda,tuna,crackers,peroni,avocado,avocado
59,soda,olives,sarsaparilla,crackers,peroni,ham,peppers
60,prosciutto,peppers,sarsaparilla,crackers,chicken,steak,apples
61,risotto,soda,tuna,crackers,peroni,hummus,chicken
62,avocado,crackers,hummus,peroni,ham,tuna,steak
63,tuna,prosciutto,apples,olives,steak,ham,gelato
64,risotto,tuna,avocado,hummus,peroni,steak,turkey
65,risotto,pretzels,apples,peppers,avocado,moscato,crackers
66,risotto,soda,tuna,crackers,peroni,chicken,prosciutto
67,risotto,pretzels,apples,peppers,avocado,crackers,sarsaparilla
68,tuna,prosciutto,apples,olives,steak,coke,soda
69,olives,sarsaparilla,coke,turkey,gelato,pretzels,avocado
70,prosciutto,peppers,sarsaparilla,crackers,chicken,soda,gelato
71,risotto,pretzels,apples,peppers,avocado,sarsaparilla,sarsaparilla
72,tuna,prosciutto,olives,ham,turkey,coke,apples
73,tuna,prosciutto,apples,olives,steak,soda,avocado
74,risotto,pretzels,apples,peppers,avocado,turkey,soda
75,pretzels,peroni,chicken,coke,gelato,avocado,risotto
76,prosciutto,peppers,sarsaparilla,crackers,chicken,apples,coke
77,tuna,prosciutto,olives,ham,turkey,peppers,crackers
78,olives,sarsaparilla,coke,turkey,gelato,crackers,prosciutto
79,risotto,tuna,avocado,hummus,peroni,ham,apples
80,prosciutto,peppers,sarsaparilla,crackers,chicken,steak,turkey
81,avocado,crackers,hummus,peroni,ham,soda,steak
82,avocado,crackers,hummus,peroni,ham,prosciutto,risotto
83,prosciutto,peppers,sarsaparilla,crackers,chicken,tuna,apples
84,tuna,prosciutto,apples,olives,steak,coke,ham
85,avocado,crackers,hummus,peroni,ham,tuna,soda
86,tuna,prosciutto,apples,olives,steak,risotto,turkey
87,tuna,prosciutto,olives,ham,turkey,chicken,coke
88,tuna,prosciutto,apples,olives,steak,coke,hummus
89,tuna,prosciutto,olives,ham,turkey,apples,gelato
90,avocado,crackers,hummus,peroni,ham,steak,olives
91,risotto,soda,tuna,crackers,peroni,peppers,prosciutto
92,risotto,tuna,avocado,hummus,peroni,moscato,prosciutto
93,risotto,soda,tuna,crackers,peroni,gelato,chicken
94,soda,olives,sarsaparilla,crackers,peroni,apples,prosciutto
95,prosciutto,peppers,sarsaparilla,crackers,chicken,apples,coke
96,tuna,prosciutto,olives,ham,turkey,gelato,hummus
97,pretzels,peroni,chicken,coke,gelato,prosciutto,prosciutto
98,olives,sarsaparilla,coke,turkey,gelato,peroni,soda
99,soda,olives,sarsaparilla,crackers,peroni,steak,pretzels
100,tuna,prosciutto,apples,olives,steak,peppers,risotto
101,risotto,pretzels,apples,peppers,avocado,soda,coke
102,tuna,prosciutto,olives,ham,turkey,peppers,gelato
103,tuna,prosciutto,olives,ham,turkey,sarsaparilla,sarsaparilla
104,risotto,soda,tuna,crackers,peroni,peppers,pretzels
105,avocado,crackers,hummus,peroni,ham,prosciutto,pretzels
106,tuna,prosciutto,apples,olives,steak,risotto,ham
107,prosciutto,peppers,sarsaparilla,crackers,chicken,risotto,tuna
108,pretzels,peroni,chicken,coke,gelato,ham,prosciutto
109,risotto,tuna,avocado,hummus,peroni,ham,prosciutto
110,soda,olives,sarsaparilla,crackers,peroni,avocado,chicken
111,risotto,pretzels,apples,peppers,avocado,peroni,tuna
112,pretzels,peroni,chicken,coke,gelato,moscato,olives
113,risotto,pretzels,apples,peppers,avocado,chicken,turkey
114,pretzels,peroni,chicken,coke,gelato,turkey,tuna
115,olives,sarsaparilla,coke,turkey,gelato,steak,peroni
116,soda,olives,sarsaparilla,crackers,peroni,ham,avocado
117,tuna,prosciutto,olives,ham,turkey,sarsaparilla,pretzels
118,pretzels,peroni,chicken,coke,gelato,apples,apples
119,olives,sarsaparilla,coke,turkey,gelato,tuna,ham
120,tuna,prosciutto,apples,olives,steak,chicken,ham
121,risotto,tuna,avocado,hummus,peroni,chicken,crackers
122,risotto,pretzels,apples,peppers,avocado,chicken,hummus
123,risotto,soda,tuna,crackers,peroni,sarsaparilla,peppers
124,soda,olives,sarsaparilla,crackers,peroni,gelato,pretzels
125,risotto,tuna,avocado,hummus,peroni,soda,chicken
126,prosciutto,peppers,sarsaparilla,crackers,chicken,soda,gelato
127,tuna,prosciutto,olives,ham,turkey,crackers,steak
128,olives,sarsaparilla,coke,turkey,gelato,peppers,chicken
129,soda,olives,sarsaparilla,crackers,peroni,coke,chicken
130,olives,sarsaparilla,coke,turkey,gelato,peppers,avocado
131,avocado,crackers,hummus,peroni,ham,chicken,prosciutto
132,risotto,soda,tuna,crackers,peroni,avocado,chicken
133,tuna,prosciutto,olives,ham,turkey,apples,steak
134,soda,olives,sarsaparilla,crackers,peroni,ham,tuna
135,risotto,tuna,avocado,hummus,peroni,apples,turkey
136,pretzels,peroni,chicken,coke,gelato,tuna,peppers
137,olives,sarsaparilla,coke,turkey,gelato,crackers,risotto
138,tuna,prosciutto,olives,ham,turkey,chicken,gelato
139,pretzels,peroni,chicken,coke,gelato,turkey,ham
140,avocado,crackers,hummus,peroni,ham,chicken,prosciutto
141,risotto,tuna,avocado,hummus,peroni,chicken,peppers
142,soda,olives,sarsaparilla,crackers,peroni,moscato,avocado
143,pretzels,peroni,chicken,coke,gelato,apples,soda
144,avocado,crackers,hummus,peroni,ham,moscato,coke
145,risotto,tuna,avocado,hummus,peroni,sarsaparilla,apples
146,tuna,prosciutto,olives,ham,turkey,coke,peroni
147,avocado,crackers,hummus,peroni,ham,olives,chicken
148,soda,olives,sarsaparilla,crackers,peroni,apples,prosciutto
149,olives,sarsaparilla,coke,turkey,gelato,moscato,soda
150,avocado,crackers,hummus,peroni,ham,steak,chicken
151,tuna,prosciutto,olives,ham,turkey,soda,crackers
152,prosciutto,peppers,sarsaparilla,crackers,chicken,steak,apples
153,risotto,soda,tuna,crackers,peroni,avocado,turkey
154,olives,sarsaparilla,coke,turkey,gelato,hummus,apples
155,risotto,pretzels,apples,peppers,avocado,steak,turkey
156,prosciutto,peppers,sarsaparilla,crackers,chicken,pretzels,olives
157,risotto,tuna,avocado,hummus,peroni,olives,sarsaparilla
158,avocado,crackers,hummus,peroni,ham,turkey,gelato
159,prosciutto,peppers,sarsaparilla,crackers,chicken,tuna,pretzels
160,tuna,prosciutto,olives,ham,turkey,hummus,chicken
161,tuna,prosciutto,apples,olives,steak,peppers,peppers
162,risotto,pretzels,apples,peppers,avocado,olives,hummus
163,risotto,tuna,avocado,hummus,peroni,chicken,sarsaparilla
164,risotto,pretzels,apples,peppers,avocado,ham,coke
165,pretzels,peroni,chicken,coke,gelato,sarsaparilla,avocado
166,avocado,crackers,hummus,peroni,ham,moscato,chicken
167,tuna,prosciutto,olives,ham,turkey,soda,peppers
168,prosciutto,peppers,sarsaparilla,crackers,chicken,tuna,soda
169,tuna,prosciutto,olives,ham,turkey,gelato,pretzels
170,avocado,crackers,hummus,peroni,ham,sarsaparilla,soda
171,avocado,crackers,hummus,peroni,ham,pretzels,peppers
172,prosciutto,peppers,sarsaparilla,crackers,chicken,peroni,ham
173,risotto,tuna,avocado,hummus,peroni,olives,peppers
174,soda,olives,sarsaparilla,crackers,peroni,prosciutto,risotto
175,olives,sarsaparilla,coke,turkey,gelato,steak,peroni
176,risotto,soda,tuna,crackers,peroni,sarsaparilla,prosciutto
177,pretzels,peroni,chicken,coke,gelato,crackers,ham
178,tuna,prosciutto,apples,olives,steak,avocado,avocado
179,prosciutto,peppers,sarsaparilla,crackers,chicken,ham,tuna
180,risotto,soda,tuna,crackers,peroni,olives,gelato
181,olives,sarsaparilla,coke,turkey,gelato,peppers,steak
182,tuna,prosciutto,apples,olives,steak,sarsaparilla,peroni
183,risotto,pretzels,apples,peppers,avocado,crackers,olives
184,prosciutto,peppers,sarsaparilla,crackers,chicken,turkey,apples
185,avocado,crackers,hummus,peroni,ham,steak,soda
186,tuna,prosciutto,olives,ham,turkey,risotto,peroni
187,avocado,crackers,hummus,peroni,ham,apples,chicken
188,risotto,soda,tuna,crackers,peroni,moscato,coke
189,pretzels,peroni,chicken,coke,gelato,tuna,sarsaparilla
190,pretzels,peroni,chicken,coke,gelato,tuna,apples
191,olives,sarsaparilla,coke,turkey,gelato,crackers,steak
192,tuna,prosciutto,apples,olives,steak,sarsaparilla,peppers
193,avocado,crackers,hummus,peroni,ham,sarsaparilla,tuna
194,risotto,tuna,avocado,hummus,peroni,moscato,pretzels
195,olives,sarsaparilla,coke,turkey,gelato,moscato,peroni
196,tuna,prosciutto,olives,ham,turkey,gelato,soda
197,tuna,prosciutto,apples,olives,steak,peroni,ham
198,olives,sarsaparilla,coke,turkey,gelato,peppers,hummus
199,pretzels,peroni,chicken,coke,gelato,moscato,olives
200,olives,sarsaparilla,coke,turkey,gelato,peroni,crackers
201,prosciutto,peppers,sarsaparilla,crackers,chicken,ham,soda
202,risotto,tuna,avocado,hummus,peroni,steak,pretzels
203,tuna,prosciutto,apples,olives,steak,chicken,coke
204,risotto,pretzels,apples,peppers,avocado,peroni,gelato
205,tuna,prosciutto,olives,ham,turkey,avocado,steak
206,avocado,crackers,hummus,peroni,ham,gelato,pretzels
207,tuna,prosciutto,apples,olives,steak,pretzels,sarsaparilla
208,risotto,pretzels,apples,peppers,avocado,steak,gelato
209,avocado,crackers,hummus,peroni,ham,pretzels,prosciutto
210,prosciutto,peppers,sarsaparilla,crackers,chicken,coke,tuna
211,risotto,pretzels,apples,peppers,avocado,prosciutto,soda
212,avocado,crackers,hummus,peroni,ham,soda,coke
213,risotto,tuna,avocado,hummus,peroni,soda,gelato
214,risotto,tuna,avocado,hummus,peroni,chicken,coke
215,pretzels,peroni,chicken,coke,gelato,hummus,risotto
216,olives,sarsaparilla,coke,turkey,gelato,peroni,risotto
217,tuna,prosciutto,apples,olives,steak,crackers,chicken
218,risotto,tuna,avocado,hummus,peroni,apples,peppers
219,tuna,prosciutto,apples,olives,steak,ham,peroni
220,tuna,prosciutto,apples,olives,steak,moscato,avocado
221,pretzels,peroni,chicken,coke,gelato,olives,soda
222,soda,olives,sarsaparilla,crackers,peroni,turkey,steak
223,soda,olives,sarsaparilla,crackers,peroni,turkey,prosciutto
224,tuna,prosciutto,apples,olives,steak,pretzels,gelato
225,soda,olives,sarsaparilla,crackers,peroni,pretzels,chicken
226,pretzels,peroni,chicken,coke,gelato,apples,hummus
227,prosciutto,peppers,sarsaparilla,crackers,chicken,turkey,apples
228,olives,sarsaparilla,coke,turkey,gelato,ham,risotto
229,risotto,soda,tuna,crackers,peroni,turkey,turkey
230,olives,sarsaparilla,coke,turkey,gelato,hummus,apples
231,avocado,crackers,hummus,peroni,ham,turkey,olives
232,tuna,prosciutto,apples,olives,steak,avocado,sarsaparilla
233,risotto,tuna,avocado,hummus,peroni,soda,olives
234,tuna,prosciutto,apples,olives,steak,peppers,peppers
235,tuna,prosciutto,apples,olives,steak,hummus,avocado
236,risotto,tuna,avocado,hummus,peroni,crackers,apples
237,avocado,crackers,hummus,peroni,ham,moscato,steak
238,risotto,tuna,avocado,hummus,peroni,sarsaparilla,ham
239,avocado,crackers,hummus,peroni,ham,sarsaparilla,apples
240,tuna,prosciutto,apples,olives,steak,risotto,sarsaparilla
241,risotto,pretzels,apples,peppers,avocado,olives,crackers
242,risotto,pretzels,apples,peppers,avocado,sarsaparilla,sarsaparilla
243,pretzels,peroni,chicken,coke,gelato,peppers,sarsaparilla
244,pretzels,peroni,chicken,coke,gelato,tuna,apples
245,avocado,crackers,hummus,peroni,ham,apples,gelato
246,pretzels,peroni,chicken,coke,gelato,sarsaparilla,hummus
247,olives,sarsaparilla,coke,turkey,gelato,risotto,steak
248,olives,sarsaparilla,coke,turkey,gelato,crackers,chicken
249,risotto,tuna,avocado,hummus,peroni,steak,prosciutto
250,pretzels,peroni,chicken,coke,gelato,apples,turkey
251,olives,sarsaparilla,coke,turkey,gelato,soda,pretzels
252,tuna,prosciutto,apples,olives,steak,moscato,hummus
253,avocado,crackers,hummus,peroni,ham,prosciutto,chicken
254,risotto,soda,tuna,crackers,peroni,avocado,hummus
255,olives,sarsaparilla,coke,turkey,gelato,moscato,ham
256,avocado,crackers,hummus,peroni,ham,tuna,gelato
257,pretzels,peroni,chicken,coke,gelato,hummus,steak
258,soda,olives,sarsaparilla,crackers,peroni,chicken,tuna
259,risotto,tuna,avocado,hummus,peroni,moscato,soda
260,soda,olives,sarsaparilla,crackers,peroni,avocado,avocado
261,risotto,pretzels,apples,peppers,avocado,sarsaparilla,hummus
262,pretzels,peroni,chicken,coke,gelato,tuna,ham
263,risotto,pretzels,apples,peppers,avocado,hummus,soda
264,tuna,prosciutto,olives,ham,turkey,sarsaparilla,peppers
265,prosciutto,peppers,sarsaparilla,crackers,chicken,risotto,peroni
266,tuna,prosciutto,olives,ham,turkey,peroni,sarsaparilla
267,soda,olives,sarsaparilla,crackers,peroni,peppers,avocado
268,risotto,soda,tuna,crackers,peroni,hummus,avocado
269,pretzels,peroni,chicken,coke,gelato,sarsaparilla,prosciutto
270,olives,sarsaparilla,coke,turkey,gelato,apples,peppers
271,risotto,pretzels,apples,peppers,avocado,prosciutto,crackers
272,avocado,crackers,hummus,peroni,ham,steak,prosciutto
273,soda,olives,sarsaparilla,crackers,peroni,steak,gelato
274,avocado,crackers,hummus,peroni,ham,soda,steak
275,soda,olives,sarsaparilla,crackers,peroni,ham,risotto
276,risotto,pretzels,apples,peppers,avocado,crackers,steak
277,soda,olives,sarsaparilla,crackers,peroni,steak,steak
278,tuna,prosciutto,apples,olives,steak,gelato,coke
279,prosciutto,peppers,sarsaparilla,crackers,chicken,ham,peroni
280,pretzels,peroni,chicken,coke,gelato,crackers,soda
281,tuna,prosciutto,olives,ham,turkey,chicken,coke
282,risotto,pretzels,apples,peppers,avocado,steak,crackers
283,tuna,prosciutto,apples,olives,steak,hummus,hummus
284,tuna,prosciutto,apples,olives,steak,moscato,ham
285,olives,sarsaparilla,coke,turkey,gelato,pretzels,peroni
286,avocado,crackers,hummus,peroni,ham,moscato,chicken
287,olives,sarsaparilla,coke,turkey,gelato,apples,risotto
288,tuna,prosciutto,olives,ham,turkey,avocado,peroni
289,risotto,soda,tuna,crackers,peroni,peppers,avocado
290,tuna,prosciutto,apples,olives,steak,ham,risotto
291,tuna,prosciutto,apples,olives,steak,soda,risotto
292,soda,olives,sarsaparilla,crackers,peroni,chicken,apples
293,tuna,prosciutto,olives,ham,turkey,risotto,soda
294,risotto,soda,tuna,crackers,peroni,gelato,avocado
295,risotto,tuna,avocado,hummus,peroni,gelato,ham
296,prosciutto,peppers,sarsaparilla,crackers,chicken,steak,ham
297,risotto,pretzels,apples,peppers,avocado,sarsaparilla,hummus
298,pretzels,peroni,chicken,coke,gelato,moscato,prosciutto
299,tuna,prosciutto,apples,olives,steak,avocado,hummus
300,risotto,tuna,avocado,hummus,peroni,chicken,turkey
301,pretzels,peroni,chicken,coke,gelato,steak,tuna
302,risotto,pretzels,apples,peppers,avocado,prosciutto,steak
303,risotto,soda,tuna,crackers,peroni,sarsaparilla,pretzels
304,prosciutto,peppers,sarsaparilla,crackers,chicken,apples,peroni
305,tuna,prosciutto,olives,ham,turkey,peppers,crackers
306,tuna,prosciutto,apples,olives,steak,moscato,coke
307,tuna,prosciutto,apples,olives,steak,soda,hummus
308,pretzels,peroni,chicken,coke,gelato,tuna,crackers
309,prosciutto,peppers,sarsaparilla,crackers,chicken,pretzels,ham
310,risotto,soda,tuna,crackers,peroni,turkey,steak
311,tuna,prosciutto,olives,ham,turkey,coke,pretzels
312,risotto,soda,tuna,crackers,peroni,apples,ham
313,risotto,pretzels,apples,peppers,avocado,soda,chicken
314,tuna,prosciutto,apples,olives,steak,peroni,pretzels
315,tuna,prosciutto,apples,olives,steak,turkey,coke
316,tuna,prosciutto,olives,ham,turkey,apples,steak
317,olives,sarsaparilla,coke,turkey,gelato,ham,prosciutto
318,olives,sarsaparilla,coke,turkey,gelato,peroni,risotto
319,tuna,prosciutto,olives,ham,turkey,crackers,avocado
320,risotto,tuna,avocado,hummus,peroni,peppers,steak
321,prosciutto,peppers,sarsaparilla,crackers,chicken,olives,turkey
322,risotto,pretzels,apples,peppers,avocado,moscato,peroni
323,tuna,prosciutto,olives,ham,turkey,steak,steak
324,risotto,soda,tuna,crackers,peroni,peppers,peppers
325,pretzels,peroni,chicken,coke,gelato,ham,sarsaparilla
326,pretzels,peroni,chicken,coke,gelato,soda,avocado
327,prosciutto,peppers,sarsaparilla,crackers,chicken,turkey,coke
328,soda,olives,sarsaparilla,crackers,peroni,prosciutto,peppers
329,soda,olives,sarsaparilla,crackers,peroni,moscato,hummus
330,avocado,crackers,hummus,peroni,ham,coke,gelato
331,tuna,prosciutto,olives,ham,turkey,soda,apples
332,prosciutto,peppers,sarsaparilla,crackers,chicken,peroni,apples
333,risotto,soda,tuna,crackers,peroni,chicken,olives
334,risotto,soda,tuna,crackers,peroni,turkey,pretzels
335,olives,sarsaparilla,coke,turkey,gelato,crackers,peroni
336,soda,olives,sarsaparilla,crackers,peroni,moscato,chicken
337,risotto,tuna,avocado,hummus,peroni,prosciutto,apples
338,pretzels,peroni,chicken,coke,gelato,prosciutto,olives
339,prosciutto,peppers,sarsaparilla,crackers,chicken,risotto,ham
340,tuna,prosciutto,olives,ham,turkey,steak,chicken
341,pretzels,peroni,chicken,coke,gelato,avocado,ham
342,olives,sarsaparilla,coke,turkey,gelato,peppers,tuna
343,soda,olives,sarsaparilla,crackers,peroni,tuna,apples
344,tuna,prosciutto,apples,olives,steak,crackers,gelato
345,risotto,soda,tuna,crackers,peroni,peppers,gelato
346,risotto,soda,tuna,crackers,peroni,coke,olives
347,prosciutto,peppers,sarsaparilla,crackers,chicken,ham,peroni
348,risotto,pretzels,apples,peppers,avocado,olives,peroni
349,olives,sarsaparilla,coke,turkey,gelato,prosciutto,pretzels
350,pretzels,peroni,chicken,coke,gelato,soda,sarsaparilla
351,risotto,soda,tuna,crackers,peroni,prosciutto,ham
352,soda,olives,sarsaparilla,crackers,peroni,steak,tuna
353,risotto,soda,tuna,crackers,peroni,prosciutto,pretzels
354,avocado,crackers,hummus,peroni,ham,sarsaparilla,peppers
355,soda,olives,sarsaparilla,crackers,peroni,apples,pretzels
356,risotto,tuna,avocado,hummus,peroni,sarsaparilla,sarsaparilla
357,risotto,tuna,avocado,hummus,peroni,pretzels,prosciutto
358,tuna,prosciutto,olives,ham,turkey,hummus,crackers
359,risotto,tuna,avocado,hummus,peroni,olives,prosciutto
360,prosciutto,peppers,sarsaparilla,crackers,chicken,olives,ham
361,avocado,crackers,hummus,peroni,ham,risotto,prosciutto
362,tuna,prosciutto,apples,olives,steak,crackers,coke
363,risotto,tuna,avocado,hummus,peroni,sarsaparilla,prosciutto
364,risotto,pretzels,apples,peppers,avocado,turkey,turkey
365,prosciutto,peppers,sarsaparilla,crackers,chicken,olives,olives
366,prosciutto,peppers,sarsaparilla,crackers,chicken,olives,gelato
367,pretzels,peroni,chicken,coke,gelato,moscato,risotto
368,tuna,prosciutto,apples,olives,steak,ham,avocado
369,tuna,prosciutto,olives,ham,turkey,soda,steak
370,risotto,tuna,avocado,hummus,peroni,sarsaparilla,turkey
371,risotto,soda,tuna,crackers,peroni,gelato,steak
372,soda,olives,sarsaparilla,crackers,peroni,moscato,risotto
373,pretzels,peroni,chicken,coke,gelato,turkey,ham
374,olives,sarsaparilla,coke,turkey,gelato,peppers,chicken
375,risotto,soda,tuna,crackers,peroni,olives,olives
376,tuna,prosciutto,apples,olives,steak,coke,crackers
377,avocado,crackers,hummus,peroni,ham,soda,peppers
378,risotto,tuna,avocado,hummus,peroni,turkey,sarsaparilla
379,avocado,crackers,hummus,peroni,ham,pretzels,turkey
380,risotto,tuna,avocado,hummus,peroni,moscato,soda
381,tuna,prosciutto,olives,ham,turkey,peroni,peroni
382,risotto,pretzels,apples,peppers,avocado,moscato,coke
383,soda,olives,sarsaparilla,crackers,peroni,turkey,chicken
384,prosciutto,peppers,sarsaparilla,crackers,chicken,ham,avocado
385,risotto,pretzels,apples,peppers,avocado,soda,steak
386,avocado,crackers,hummus,peroni,ham,apples,soda
387,tuna,prosciutto,olives,ham,turkey,risotto,gelato
388,tuna,prosciutto,olives,ham,turkey,soda,avocado
389,pretzels,peroni,chicken,coke,gelato,crackers,peppers
390,tuna,prosciutto,olives,ham,turkey,peppers,avocado
391,risotto,soda,tuna,crackers,peroni,peppers,apples
392,olives,sarsaparilla,coke,turkey,gelato,ham,risotto
393,risotto,pretzels,apples,peppers,avocado,olives,gelato
394,risotto,tuna,avocado,hummus,peroni,peppers,ham
395,risotto,soda,tuna,crackers,peroni,sarsaparilla,prosciutto
396,avocado,crackers,hummus,peroni,ham,chicken,soda
397,risotto,soda,tuna,crackers,peroni,peppers,sarsaparilla
398,risotto,pretzels,apples,peppers,avocado,moscato,coke
399,tuna,prosciutto,olives,ham,turkey,moscato,peppers
400,soda,olives,sarsaparilla,crackers,peroni,coke,prosciutto
401,avocado,crackers,hummus,peroni,ham,gelato,sarsaparilla
402,soda,olives,sarsaparilla,crackers,peroni,prosciutto,ham
403,soda,olives,sarsaparilla,crackers,peroni,tuna,coke
404,tuna,prosciutto,olives,ham,turkey,moscato,gelato
405,risotto,pretzels,apples,peppers,avocado,peroni,prosciutto
406,prosciutto,peppers,sarsaparilla,crackers,chicken,peroni,apples
407,risotto,tuna,avocado,hummus,peroni,steak,apples
408,soda,olives,sarsaparilla,crackers,peroni,steak,hummus
409,risotto,tuna,avocado,hummus,peroni,steak,turkey
410,prosciutto,peppers,sarsaparilla,crackers,chicken,gelato,apples
411,risotto,pretzels,apples,peppers,avocado,tuna,crackers
412,risotto,soda,tuna,crackers,peroni,steak,steak
413,risotto,tuna,avocado,hummus,peroni,coke,turkey
414,risotto,tuna,avocado,hummus,peroni,soda,olives
415,prosciutto,peppers,sarsaparilla,crackers,chicken,apples,steak
416,tuna,prosciutto,olives,ham,turkey,steak,pretzels
417,avocado,crackers,hummus,peroni,ham,olives,gelato
418,tuna,prosciutto,olives,ham,turkey,crackers,avocado
419,olives,sarsaparilla,coke,turkey,gelato,tuna,peroni
420,tuna,prosciutto,apples,olives,steak,sarsaparilla,chicken
421,risotto,soda,tuna,crackers,peroni,apples,coke
422,pretzels,peroni,chicken,coke,gelato,risotto,turkey
423,prosciutto,peppers,sarsaparilla,crackers,chicken,peroni,hummus
424,risotto,soda,tuna,crackers,peroni,apples,pretzels
425,tuna,prosciutto,olives,ham,turkey,hummus,avocado
426,pretzels,peroni,chicken,coke,gelato,moscato,tuna
427,risotto,pretzels,apples,peppers,avocado,soda,gelato
428,risotto,soda,tuna,crackers,peroni,hummus,apples
429,avocado,crackers,hummus,peroni,ham,tuna,turkey
430,tuna,prosciutto,apples,olives,steak,chicken,soda
431,avocado,crackers,hummus,peroni,ham,coke,soda
432,tuna,prosciutto,olives,ham,turkey,avocado,soda
433,soda,olives,sarsaparilla,crackers,peroni,chicken,apples
434,risotto,tuna,avocado,hummus,peroni,pretzels,peppers
435,pretzels,peroni,chicken,coke,gelato,crackers,risotto
436,pretzels,peroni,chicken,coke,gelato,prosciutto,sarsaparilla
437,olives,sarsaparilla,coke,turkey,gelato,peppers,apples
438,avocado,crackers,hummus,peroni,ham,gelato,sarsaparilla
439,risotto,soda,tuna,crackers,peroni,avocado,peppers
440,pretzels,peroni,chicken,coke,gelato,peppers,peppers
441,avocado,crackers,hummus,peroni,ham,prosciutto,chicken
442,prosciutto,peppers,sarsaparilla,crackers,chicken,risotto,steak
443,risotto,soda,tuna,crackers,peroni,sarsaparilla,peppers
444,risotto,tuna,avocado,hummus,peroni,turkey,apples
445,olives,sarsaparilla,coke,turkey,gelato,steak,chicken
446,risotto,tuna,avocado,hummus,peroni,ham,sarsaparilla
447,risotto,soda,tuna,crackers,peroni,ham,apples
448,avocado,crackers,hummus,peroni,ham,moscato,soda
449,tuna,prosciutto,apples,olives,steak,soda,coke
450,risotto,soda,tuna,crackers,peroni,avocado,sarsaparilla
451,pretzels,peroni,chicken,coke,gelato,hummus,risotto
452,soda,olives,sarsaparilla,crackers,peroni,prosciutto,hummus
453,risotto,soda,tuna,crackers,peroni,prosciutto,olives
454,avocado,crackers,hummus,peroni,ham,coke,gelato
455,olives,sarsaparilla,coke,turkey,gelato,moscato,apples
456,pretzels,peroni,chicken,coke,gelato,ham,peppers
457,risotto,tuna,avocado,hummus,peroni,pretzels,apples
458,avocado,crackers,hummus,peroni,ham,steak,steak
459,pretzels,peroni,chicken,coke,gelato,turkey,sarsaparilla
460,olives,sarsaparilla,coke,turkey,gelato,hummus,peroni
461,soda,olives,sarsaparilla,crackers,peroni,chicken,risotto
462,pretzels,peroni,chicken,coke,gelato,apples,crackers
463,risotto,pretzels,apples,peppers,avocado,peroni,prosciutto
464,risotto,soda,tuna,crackers,peroni,ham,pretzels
465,risotto,pretzels,apples,peppers,avocado,tuna,soda
466,avocado,crackers,hummus,peroni,ham,turkey,gelato
467,prosciutto,peppers,sarsaparilla,crackers,chicken,soda,ham
468,olives,sarsaparilla,coke,turkey,gelato,crackers,risotto
469,risotto,soda,tuna,crackers,peroni,prosciutto,gelato
470,prosciutto,peppers,sarsaparilla,crackers,chicken,hummus,hummus
471,risotto,soda,tuna,crackers,peroni,prosciutto,ham
472,soda,olives,sarsaparilla,crackers,peroni,gelato,turkey
473,risotto,pretzels,apples,peppers,avocado,prosciutto,olives
474,soda,olives,sarsaparilla,crackers,peroni,hummus,ham
475,tuna,prosciutto,apples,olives,steak,peppers,sarsaparilla
476,soda,olives,sarsaparilla,crackers,peroni,peppers,hummus
477,tuna,prosciutto,olives,ham,turkey,moscato,risotto
478,avocado,crackers,hummus,peroni,ham,pretzels,gelato
479,risotto,soda,tuna,crackers,peroni,steak,steak
480,avocado,crackers,hummus,peroni,ham,tuna,peppers
481,olives,sarsaparilla,coke,turkey,gelato,chicken,chicken
482,tuna,prosciutto,apples,olives,steak,chicken,gelato
483,tuna,prosciutto,olives,ham,turkey,avocado,apples
484,risotto,soda,tuna,crackers,peroni,steak,ham
485,tuna,prosciutto,olives,ham,turkey,coke,gelato
486,risotto,pretzels,apples,peppers,avocado,sarsaparilla,crackers
487,risotto,soda,tuna,crackers,peroni,steak,avocado
488,tuna,prosciutto,apples,olives,steak,chicken,turkey
489,risotto,soda,tuna,crackers,peroni,prosciutto,turkey
490,pretzels,peroni,chicken,coke,gelato,ham,prosciutto
491,tuna,prosciutto,olives,ham,turkey,moscato,peppers
492,prosciutto,peppers,sarsaparilla,crackers,chicken,gelato,tuna
493,tuna,prosciutto,apples,olives,steak,avocado,peppers
494,tuna,prosciutto,apples,olives,steak,hummus,gelato
495,pretzels,peroni,chicken,coke,gelato,olives,sarsaparilla
496,avocado,crackers,hummus,peroni,ham,sarsaparilla,soda
497,prosciutto,peppers,sarsaparilla,crackers,chicken,olives,hummus
498,risotto,tuna,avocado,hummus,peroni,olives,apples
499,pretzels,peroni,chicken,coke,gelato,avocado,peppers
500,tuna,prosciutto,olives,ham,turkey,steak,apples
501,pretzels,peroni,chicken,coke,gelato,tuna,tuna
502,pretzels,peroni,chicken,coke,gelato,apples,prosciutto
503,tuna,prosciutto,apples,olives,steak,turkey,gelato
504,risotto,tuna,avocado,hummus,peroni,apples,peppers
505,pretzels,peroni,chicken,coke,gelato,risotto,tuna
506,soda,olives,sarsaparilla,crackers,peroni,chicken,gelato
507,risotto,pretzels,apples,peppers,avocado,turkey,ham
508,risotto,soda,tuna,crackers,peroni,hummus,turkey
509,risotto,tuna,avocado,hummus,peroni,crackers,chicken
510,avocado,crackers,hummus,peroni,ham,gelato,prosciutto
511,olives,sarsaparilla,coke,turkey,gelato,peroni,steak
512,risotto,pretzels,apples,peppers,avocado,steak,peroni
513,avocado,crackers,hummus,peroni,ham,coke,apples
514,prosciutto,peppers,sarsaparilla,crackers,chicken,peroni,avocado
515,soda,olives,sarsaparilla,crackers,peroni,tuna,steak
516,olives,sarsaparilla,coke,turkey,gelato,risotto,chicken
517,risotto,soda,tuna,crackers,peroni,pretzels,olives
518,olives,sarsaparilla,coke,turkey,gelato,tuna,peroni
519,soda,olives,sarsaparilla,crackers,peroni,peppers,ham
520,prosciutto,peppers,sarsaparilla,crackers,chicken,soda,pretzels
521,pretzels,peroni,chicken,coke,gelato,soda,risotto
522,prosciutto,peppers,sarsaparilla,crackers,chicken,hummus,coke
523,pretzels,peroni,chicken,coke,gelato,hummus,sarsaparilla
524,olives,sarsaparilla,coke,turkey,gelato,avocado,pretzels
525,risotto,pretzels,apples,peppers,avocado,crackers,crackers
526,avocado,crackers,hummus,peroni,ham,peppers,coke
527,tuna,prosciutto,apples,olives,steak,moscato,avocado
528,risotto,tuna,avocado,hummus,peroni,peppers,ham
529,risotto,pretzels,apples,peppers,avocado,peroni,ham
530,risotto,tuna,avocado,hummus,peroni,sarsaparilla,chicken
531,risotto,soda,tuna,crackers,peroni,pretzels,hummus
532,pretzels,peroni,chicken,coke,gelato,hummus,turkey
533,prosciutto,peppers,sarsaparilla,crackers,chicken,tuna,hummus
534,soda,olives,sarsaparilla,crackers,peroni,gelato,gelato
535,risotto,pretzels,apples,peppers,avocado,prosciutto,crackers
536,olives,sarsaparilla,coke,turkey,gelato,hummus,crackers
537,avocado,crackers,hummus,peroni,ham,peppers,steak
538,tuna,prosciutto,olives,ham,turkey,sarsaparilla,pretzels
539,avocado,crackers,hummus,peroni,ham,peppers,gelato
540,olives,sarsaparilla,coke,turkey,gelato,steak,ham
541,risotto,tuna,avocado,hummus,peroni,coke,gelato
542,soda,olives,sarsaparilla,crackers,peroni,turkey,tuna
543,tuna,prosciutto,apples,olives,steak,ham,risotto
544,tuna,prosciutto,olives,ham,turkey,peroni,soda
545,tuna,prosciutto,olives,ham,turkey,peppers,risotto
546,tuna,prosciutto,olives,ham,turkey,coke,sarsaparilla
547,tuna,prosciutto,apples,olives,steak,pretzels,turkey
548,soda,olives,sarsaparilla,crackers,peroni,apples,hummus
549,tuna,prosciutto,olives,ham,turkey,peroni,crackers
550,avocado,crackers,hummus,peroni,ham,olives,coke
551,tuna,prosciutto,apples,olives,steak,soda,coke
552,risotto,tuna,avocado,hummus,peroni,ham,gelato
553,risotto,tuna,avocado,hummus,peroni,gelato,steak
554,risotto,soda,tuna,crackers,peroni,peppers,coke
555,prosciutto,peppers,sarsaparilla,crackers,chicken,peroni,pretzels
556,pretzels,peroni,chicken,coke,gelato,olives,ham
557,tuna,prosciutto,apples,olives,steak,avocado,ham
558,tuna,prosciutto,apples,olives,steak,moscato,hummus
559,tuna,prosciutto,olives,ham,turkey,sarsaparilla,crackers
560,risotto,soda,tuna,crackers,peroni,pretzels,avocado
561,pretzels,peroni,chicken,coke,gelato,moscato,steak
562,avocado,crackers,hummus,peroni,ham,moscato,gelato
563,pretzels,peroni,chicken,coke,gelato,soda,ham
564,tuna,prosciutto,olives,ham,turkey,risotto,hummus
565,risotto,tuna,avocado,hummus,peroni,peppers,peppers
566,risotto,pretzels,apples,peppers,avocado,prosciutto,olives
567,risotto,pretzels,apples,peppers,avocado,soda,olives
568,risotto,soda,tuna,crackers,peroni,chicken,olives
569,risotto,soda,tuna,crackers,peroni,sarsaparilla,pretzels
570,pretzels,peroni,chicken,coke,gelato,sarsaparilla,soda
571,risotto,soda,tuna,crackers,peroni,olives,avocado
572,pretzels,peroni,chicken,coke,gelato,avocado,olives
573,avocado,crackers,hummus,peroni,ham,sarsaparilla,gelato
574,risotto,soda,tuna,crackers,peroni,chicken,steak
575,tuna,prosciutto,olives,ham,turkey,hummus,steak
576,risotto,soda,tuna,crackers,peroni,apples,steak
577,risotto,pretzels,apples,peppers,avocado,turkey,prosciutto
578,olives,sarsaparilla,coke,turkey,gelato,moscato,prosciutto
579,pretzels,peroni,chicken,coke,gelato,hummus,steak
580,soda,olives,sarsaparilla,crackers,peroni,moscato,chicken
581,prosciutto,peppers,sarsaparilla,crackers,chicken,coke,soda
582,tuna,prosciutto,olives,ham,turkey,soda,crackers
583,tuna,prosciutto,apples,olives,steak,risotto,peppers
584,risotto,pretzels,apples,peppers,avocado,tuna,gelato
585,prosciutto,peppers,sarsaparilla,crackers,chicken,moscato,gelato
586,prosciutto,peppers,sarsaparilla,crackers,chicken,steak,risotto
587,prosciutto,peppers,sarsaparilla,crackers,chicken,risotto,ham
588,risotto,pretzels,apples,peppers,avocado,hummus,crackers
589,prosciutto,peppers,sarsaparilla,crackers,chicken,apples,risotto
590,risotto,pretzels,apples,peppers,avocado,sarsaparilla,sarsaparilla
591,tuna,prosciutto,olives,ham,turkey,sarsaparilla,peppers
592,olives,sarsaparilla,coke,turkey,gelato,peppers,soda
593,tuna,prosciutto,apples,olives,steak,sarsaparilla,avocado
594,avocado,crackers,hummus,peroni,ham,turkey,tuna
595,prosciutto,peppers,sarsaparilla,crackers,chicken,ham,steak
596,pretzels,peroni,chicken,coke,gelato,crackers,risotto
597,pretzels,peroni,chicken,coke,gelato,olives,peppers
598,risotto,soda,tuna,crackers,peroni,hummus,peppers
599,risotto,pretzels,apples,peppers,avocado,steak,olives
600,risotto,soda,tuna,crackers,peroni,chicken,chicken
601,soda,olives,sarsaparilla,crackers,peroni,steak,tuna
602,olives,sarsaparilla,coke,turkey,gelato,prosciutto,apples
603,tuna,prosciutto,apples,olives,steak,hummus,pretzels
604,olives,sarsaparilla,coke,turkey,gelato,ham,apples
605,prosciutto,peppers,sarsaparilla,crackers,chicken,risotto,steak
606,pretzels,peroni,chicken,coke,gelato,moscato,sarsaparilla
607,tuna,prosciutto,apples,olives,steak,sarsaparilla,coke
608,pretzels,peroni,chicken,coke,gelato,peppers,sarsaparilla
609,prosciutto,peppers,sarsaparilla,crackers,chicken,ham,steak
610,tuna,prosciutto,olives,ham,turkey,coke,crackers
611,pretzels,peroni,chicken,coke,gelato,avocado,olives
612,pretzels,peroni,chicken,coke,gelato,prosciutto,turkey
613,risotto,tuna,avocado,hummus,peroni,chicken,apples
614,avocado,crackers,hummus,peroni,ham,risotto,coke
615,soda,olives,sarsaparilla,crackers,peroni,tuna,peppers
616,olives,sarsaparilla,coke,turkey,gelato,pretzels,steak
617,soda,olives,sarsaparilla,crackers,peroni,peppers,chicken
618,soda,olives,sarsaparilla,crackers,peroni,tuna,coke
619,soda,olives,sarsaparilla,crackers,peroni,prosciutto,steak
620,tuna,prosciutto,apples,olives,steak,avocado,peppers
621,olives,sarsaparilla,coke,turkey,gelato,peppers,peppers
622,olives,sarsaparilla,coke,turkey,gelato,tuna,hummus
623,prosciutto,peppers,sarsaparilla,crackers,chicken,turkey,apples
624,prosciutto,peppers,sarsaparilla,crackers,chicken,risotto,coke
625,soda,olives,sarsaparilla,crackers,peroni,tuna,coke
626,prosciutto,peppers,sarsaparilla,crackers,chicken,soda,hummus
627,olives,sarsaparilla,coke,turkey,gelato,moscato,crackers
628,risotto,soda,tuna,crackers,peroni,apples,olives
629,risotto,tuna,avocado,hummus,peroni,gelato,pretzels
630,risotto,tuna,avocado,hummus,peroni,chicken,turkey
631,risotto,soda,tuna,crackers,peroni,peppers,chicken
632,soda,olives,sarsaparilla,crackers,peroni,peppers,turkey
633,olives,sarsaparilla,coke,turkey,gelato,pretzels,apples
634,prosciutto,peppers,sarsaparilla,crackers,chicken,moscato,gelato
635,risotto,pretzels,apples,peppers,avocado,gelato,gelato
636,risotto,tuna,avocado,hummus,peroni,apples,soda
637,tuna,prosciutto,olives,ham,turkey,risotto,sarsaparilla
638,risotto,soda,tuna,crackers,peroni,coke,gelato
639,risotto,tuna,avocado,hummus,peroni,olives,prosciutto
640,avocado,crackers,hummus,peroni,ham,pretzels,pretzels
641,tuna,prosciutto,apples,olives,steak,pretzels,chicken
642,risotto,pretzels,apples,peppers,avocado,moscato,hummus
643,avocado,crackers,hummus,peroni,ham,pretzels,steak
644,risotto,soda,tuna,crackers,peroni,turkey,hummus
645,pretzels,peroni,chicken,coke,gelato,risotto,hummus
646,soda,olives,sarsaparilla,crackers,peroni,steak,chicken
647,risotto,pretzels,apples,peppers,avocado,steak,sarsaparilla
648,soda,olives,sarsaparilla,crackers,peroni,ham,turkey
649,soda,olives,sarsaparilla,crackers,peroni,steak,risotto
650,avocado,crackers,hummus,peroni,ham,sarsaparilla,apples
651,olives,sarsaparilla,coke,turkey,gelato,soda,pretzels
652,risotto,soda,tuna,crackers,peroni,prosciutto,avocado
653,olives,sarsaparilla,coke,turkey,gelato,steak,hummus
654,tuna,prosciutto,olives,ham,turkey,gelato,gelato
655,olives,sarsaparilla,coke,turkey,gelato,chicken,crackers
656,risotto,tuna,avocado,hummus,peroni,coke,ham
657,soda,olives,sarsaparilla,crackers,peroni,apples,hummus
658,risotto,pretzels,apples,peppers,avocado,steak,coke
659,avocado,crackers,hummus,peroni,ham,tuna,chicken
660,olives,sarsaparilla,coke,turkey,gelato,moscato,apples
661,tuna,prosciutto,apples,olives,steak,chicken,hummus
662,pretzels,peroni,chicken,coke,gelato,crackers,apples
663,tuna,prosciutto,apples,olives,steak,crackers,peppers
664,risotto,soda,tuna,crackers,peroni,olives,apples
665,tuna,prosciutto,apples,olives,steak,gelato,soda
666,risotto,tuna,avocado,hummus,peroni,gelato,soda
667,risotto,pretzels,apples,peppers,avocado,gelato,sarsaparilla
668,risotto,tuna,avocado,hummus,peroni,moscato,peppers
669,prosciutto,peppers,sarsaparilla,crackers,chicken,steak,risotto
670,prosciutto,peppers,sarsaparilla,crackers,chicken,apples,peroni
671,olives,sarsaparilla,coke,turkey,gelato,pretzels,peppers
672,tuna,prosciutto,olives,ham,turkey,sarsaparilla,peroni
673,olives,sarsaparilla,coke,turkey,gelato,peppers,steak
674,risotto,tuna,avocado,hummus,peroni,pretzels,prosciutto
675,olives,sarsaparilla,coke,turkey,gelato,risotto,steak
676,soda,olives,sarsaparilla,crackers,peroni,pretzels,coke
677,tuna,prosciutto,apples,olives,steak,pretzels,peppers
678,pretzels,peroni,chicken,coke,gelato,ham,avocado
679,avocado,crackers,hummus,peroni,ham,apples,gelato
680,prosciutto,peppers,sarsaparilla,crackers,chicken,avocado,soda
681,tuna,prosciutto,olives,ham,turkey,apples,avocado
682,soda,olives,sarsaparilla,crackers,peroni,prosciutto,apples
683,tuna,prosciutto,apples,olives,steak,gelato,hummus
684,prosciutto,peppers,sarsaparilla,crackers,chicken,steak,steak
685,prosciutto,peppers,sarsaparilla,crackers,chicken,moscato,gelato
686,risotto,soda,tuna,crackers,peroni,olives,gelato
687,risotto,pretzels,apples,peppers,avocado,soda,olives
688,soda,olives,sarsaparilla,crackers,peroni,tuna,chicken
689,tuna,prosciutto,apples,olives,steak,gelato,risotto
690,prosciutto,peppers,sarsaparilla,crackers,chicken,hummus,hummus
691,risotto,tuna,avocado,hummus,peroni,turkey,steak
692,tuna,prosciutto,apples,olives,steak,avocado,peppers
693,risotto,pretzels,apples,peppers,avocado,coke,chicken
694,risotto,tuna,avocado,hummus,peroni,pretzels,apples
695,risotto,soda,tuna,crackers,peroni,peppers,chicken
696,olives,sarsaparilla,coke,turkey,gelato,steak,steak
697,avocado,crackers,hummus,peroni,ham,peppers,prosciutto
698,soda,olives,sarsaparilla,crackers,peroni,moscato,hummus
699,risotto,soda,tuna,crackers,peroni,chicken,turkey
700,soda,olives,sarsaparilla,crackers,peroni,hummus,tuna
701,risotto,pretzels,apples,peppers,avocado,tuna,sarsaparilla
702,avocado,crackers,hummus,peroni,ham,coke,pretzels
703,risotto,pretzels,apples,peppers,avocado,sarsaparilla,soda
704,prosciutto,peppers,sarsaparilla,crackers,chicken,avocado,pretzels
705,pretzels,peroni,chicken,coke,gelato,hummus,sarsaparilla
706,risotto,tuna,avocado,hummus,peroni,apples,soda
707,avocado,crackers,hummus,peroni,ham,prosciutto,peppers
708,prosciutto,peppers,sarsaparilla,crackers,chicken,steak,soda
709,risotto,tuna,avocado,hummus,peroni,moscato,crackers
710,avocado,crackers,hummus,peroni,ham,gelato,olives
711,tuna,prosciutto,olives,ham,turkey,crackers,chicken
712,pretzels,peroni,chicken,coke,gelato,risotto,olives
713,pretzels,peroni,chicken,coke,gelato,hummus,hummus
714,tuna,prosciutto,olives,ham,turkey,peroni,crackers
715,tuna,prosciutto,apples,olives,steak,pretzels,chicken
716,avocado,crackers,hummus,peroni,ham,prosciutto,olives
717,olives,sarsaparilla,coke,turkey,gelato,ham,hummus
718,prosciutto,peppers,sarsaparilla,crackers,chicken,risotto,peroni
719,tuna,prosciutto,olives,ham,turkey,peppers,apples
720,tuna,prosciutto,olives,ham,turkey,peroni,peroni
721,olives,sarsaparilla,coke,turkey,gelato,ham,risotto
722,risotto,tuna,avocado,hummus,peroni,prosciutto,steak
723,risotto,soda,tuna,crackers,peroni,avocado,steak
724,olives,sarsaparilla,coke,turkey,gelato,peroni,risotto
725,tuna,prosciutto,olives,ham,turkey,crackers,avocado
726,avocado,crackers,hummus,peroni,ham,peppers,prosciutto
727,soda,olives,sarsaparilla,crackers,peroni,avocado,avocado
728,risotto,soda,tuna,crackers,peroni,hummus,turkey
729,olives,sarsaparilla,coke,turkey,gelato,crackers,risotto
730,pretzels,peroni,chicken,coke,gelato,risotto,steak
731,risotto,tuna,avocado,hummus,peroni,olives,crackers
732,tuna,prosciutto,olives,ham,turkey,chicken,pretzels
733,avocado,crackers,hummus,peroni,ham,apples,risotto
734,soda,olives,sarsaparilla,crackers,peroni,steak,prosciutto
735,tuna,prosciutto,olives,ham,turkey,moscato,steak
736,risotto,soda,tuna,crackers,peroni,moscato,peppers
737,olives,sarsaparilla,coke,turkey,gelato,peppers,peppers
738,avocado,crackers,hummus,peroni,ham,turkey,prosciutto
739,risotto,tuna,avocado,hummus,peroni,chicken,sarsaparilla
740,prosciutto,peppers,sarsaparilla,crackers,chicken,steak,gelato
741,soda,olives,sarsaparilla,crackers,peroni,gelato,peppers
742,risotto,soda,tuna,crackers,peroni,coke,coke
743,tuna,prosciutto,apples,olives,steak,pretzels,crackers
744,risotto,soda,tuna,crackers,peroni,olives,apples
745,avocado,crackers,hummus,peroni,ham,moscato,olives
746,tuna,prosciutto,apples,olives,steak,moscato,ham
747,risotto,tuna,avocado,hummus,peroni,apples,sarsaparilla
748,soda,olives,sarsaparilla,crackers,peroni,peppers,steak
749,risotto,soda,tuna,crackers,peroni,olives,avocado
750,olives,sarsaparilla,coke,turkey,gelato,risotto,apples
751,soda,olives,sarsaparilla,crackers,peroni,turkey,tuna
752,risotto,tuna,avocado,hummus,peroni,prosciutto,crackers
753,tuna,prosciutto,apples,olives,steak,ham,peroni
754,prosciutto,peppers,sarsaparilla,crackers,chicken,hummus,peroni
755,risotto,soda,tuna,crackers,peroni,avocado,steak
756,tuna,prosciutto,olives,ham,turkey,steak,avocado
757,pretzels,peroni,chicken,coke,gelato,soda,hummus
758,olives,sarsaparilla,coke,turkey,gelato,steak,peroni
759,tuna,prosciutto,apples,olives,steak,hummus,chicken
760,prosciutto,peppers,sarsaparilla,crackers,chicken,soda,tuna
761,pretzels,peroni,chicken,coke,gelato,ham,ham
762,pretzels,peroni,chicken,coke,gelato,tuna,prosciutto
763,pretzels,peroni,chicken,coke,gelato,apples,apples
764,prosciutto,peppers,sarsaparilla,crackers,chicken,apples,olives
765,tuna,prosciutto,olives,ham,turkey,sarsaparilla,chicken
766,soda,olives,sarsaparilla,crackers,peroni,coke,apples
767,risotto,pretzels,apples,peppers,avocado,hummus,hummus
768,risotto,soda,tuna,crackers,peroni,hummus,avocado
769,risotto,pretzels,apples,peppers,avocado,peroni,coke
770,tuna,prosciutto,olives,ham,turkey,risotto,avocado
771,soda,olives,sarsaparilla,crackers,peroni,moscato,gelato
772,risotto,pretzels,apples,peppers,avocado,ham,tuna
773,tuna,prosciutto,olives,ham,turkey,peroni,pretzels
774,avocado,crackers,hummus,peroni,ham,tuna,olives
775,soda,olives,sarsaparilla,crackers,peroni,peppers,hummus
776,risotto,pretzels,apples,peppers,avocado,prosciutto,coke
777,pretzels,peroni,chicken,coke,gelato,apples,ham
778,prosciutto,peppers,sarsaparilla,crackers,chicken,coke,tuna
779,risotto,tuna,avocado,hummus,peroni,moscato,crackers
780,olives,sarsaparilla,coke,turkey,gelato,apples,hummus
781,risotto,tuna,avocado,hummus,peroni,steak,steak
782,risotto,soda,tuna,crackers,peroni,ham,pretzels
783,tuna,prosciutto,olives,ham,turkey,peppers,gelato
784,soda,olives,sarsaparilla,crackers,peroni,tuna,risotto
785,risotto,tuna,avocado,hummus,peroni,coke,steak
786,pretzels,peroni,chicken,coke,gelato,sarsaparilla,hummus
787,soda,olives,sarsaparilla,crackers,peroni,gelato,gelato
788,avocado,crackers,hummus,peroni,ham,turkey,tuna
789,tuna,prosciutto,apples,olives,steak,moscato,crackers
790,tuna,prosciutto,olives,ham,turkey,peroni,sarsaparilla
791,risotto,soda,tuna,crackers,peroni,gelato,apples
792,pretzels,peroni,chicken,coke,gelato,moscato,turkey
793,olives,sarsaparilla,coke,turkey,gelato,pretzels,ham
794,olives,sarsaparilla,coke,turkey,gelato,tuna,crackers
795,tuna,prosciutto,apples,olives,steak,risotto,gelato
796,risotto,soda,tuna,crackers,peroni,moscato,gelato
797,avocado,crackers,hummus,peroni,ham,turkey,pretzels
798,soda,olives,sarsaparilla,crackers,peroni,peppers,chicken
799,risotto,pretzels,apples,peppers,avocado,turkey,crackers
800,risotto,soda,tuna,crackers,peroni,avocado,ham
801,olives,sarsaparilla,coke,turkey,gelato,soda,apples
802,risotto,tuna,avocado,hummus,peroni,turkey,chicken
803,tuna,prosciutto,apples,olives,steak,sarsaparilla,sarsaparilla
804,avocado,crackers,hummus,peroni,ham,soda,peppers
805,risotto,tuna,avocado,hummus,peroni,crackers,crackers
806,prosciutto,peppers,sarsaparilla,crackers,chicken,risotto,soda
807,risotto,soda,tuna,crackers,peroni,sarsaparilla,gelato
808,avocado,crackers,hummus,peroni,ham,pretzels,prosciutto
809,tuna,prosciutto,olives,ham,turkey,sarsaparilla,soda
810,olives,sarsaparilla,coke,turkey,gelato,soda,prosciutto
811,risotto,pretzels,apples,peppers,avocado,tuna,ham
812,avocado,crackers,hummus,peroni,ham,olives,sarsaparilla
813,risotto,pretzels,apples,peppers,avocado,coke,prosciutto
814,pretzels,peroni,chicken,coke,gelato,tuna,hummus
815,soda,olives,sarsaparilla,crackers,peroni,risotto,tuna
816,risotto,pretzels,apples,peppers,avocado,hummus,peroni
817,olives,sarsaparilla,coke,turkey,gelato,ham,prosciutto
818,prosciutto,peppers,sarsaparilla,crackers,chicken,risotto,apples
819,soda,olives,sarsaparilla,crackers,peroni,apples,apples
820,risotto,tuna,avocado,hummus,peroni,crackers,pretzels
821,soda,olives,sarsaparilla,crackers,peroni,risotto,chicken
822,tuna,prosciutto,apples,olives,steak,pretzels,soda
823,risotto,soda,tuna,crackers,peroni,avocado,chicken
824,risotto,tuna,avocado,hummus,peroni,apples,apples
825,risotto,pretzels,apples,peppers,avocado,peroni,gelato
826,risotto,soda,tuna,crackers,peroni,coke,coke
827,pretzels,peroni,chicken,coke,gelato,crackers,apples
828,risotto,soda,tuna,crackers,peroni,steak,chicken
829,avocado,crackers,hummus,peroni,ham,steak,steak
830,risotto,tuna,avocado,hummus,peroni,ham,chicken
831,prosciutto,peppers,sarsaparilla,crackers,chicken,peroni,hummus
832,tuna,prosciutto,olives,ham,turkey,moscato,risotto
833,prosciutto,peppers,sarsaparilla,crackers,chicken,peroni,turkey
834,risotto,soda,tuna,crackers,peroni,hummus,chicken
835,pretzels,peroni,chicken,coke,gelato,apples,ham
836,olives,sarsaparilla,coke,turkey,gelato,tuna,pretzels
837,risotto,soda,tuna,crackers,peroni,apples,pretzels
838,risotto,tuna,avocado,hummus,peroni,apples,apples
839,risotto,tuna,avocado,hummus,peroni,moscato,ham
840,avocado,crackers,hummus,peroni,ham,olives,steak
841,risotto,soda,tuna,crackers,peroni,chicken,gelato
842,risotto,soda,tuna,crackers,peroni,sarsaparilla,olives
843,pretzels,peroni,chicken,coke,gelato,crackers,ham
844,avocado,crackers,hummus,peroni,ham,coke,soda
845,prosciutto,peppers,sarsaparilla,crackers,chicken,soda,olives
846,risotto,pretzels,apples,peppers,avocado,sarsaparilla,sarsaparilla
847,tuna,prosciutto,olives,ham,turkey,chicken,apples
848,pretzels,peroni,chicken,coke,gelato,risotto,sarsaparilla
849,risotto,soda,tuna,crackers,peroni,prosciutto,hummus
850,olives,sarsaparilla,coke,turkey,gelato,risotto,peroni
851,avocado,crackers,hummus,peroni,ham,moscato,peppers
852,tuna,prosciutto,olives,ham,turkey,coke,apples
853,pretzels,peroni,chicken,coke,gelato,peppers,olives
854,tuna,prosciutto,olives,ham,turkey,hummus,risotto
855,soda,olives,sarsaparilla,crackers,peroni,tuna,steak
856,olives,sarsaparilla,coke,turkey,gelato,hummus,ham
857,risotto,pretzels,apples,peppers,avocado,steak,prosciutto
858,pretzels,peroni,chicken,coke,gelato,apples,hummus
859,tuna,prosciutto,olives,ham,turkey,gelato,steak
860,tuna,prosciutto,apples,olives,steak,moscato,turkey
861,prosciutto,peppers,sarsaparilla,crackers,chicken,risotto,hummus
862,risotto,pretzels,apples,peppers,avocado,crackers,peroni
863,tuna,prosciutto,olives,ham,turkey,avocado,hummus
864,olives,sarsaparilla,coke,turkey,gelato,steak,soda
865,tuna,prosciutto,olives,ham,turkey,steak,peroni
866,pretzels,peroni,chicken,coke,gelato,soda,apples
867,soda,olives,sarsaparilla,crackers,peroni,turkey,pretzels
868,tuna,prosciutto,apples,olives,steak,crackers,pretzels
869,risotto,pretzels,apples,peppers,avocado,coke,gelato
870,avocado,crackers,hummus,peroni,ham,moscato,tuna
871,tuna,prosciutto,apples,olives,steak,ham,ham
872,prosciutto,peppers,sarsaparilla,crackers,chicken,peroni,pretzels
873,tuna,prosciutto,olives,ham,turkey,hummus,sarsaparilla
874,tuna,prosciutto,apples,olives,steak,ham,coke
875,tuna,prosciutto,olives,ham,turkey,apples,sarsaparilla
876,risotto,soda,tuna,crackers,peroni,hummus,turkey
877,pretzels,peroni,chicken,coke,gelato,sarsaparilla,olives
878,avocado,crackers,hummus,peroni,ham,moscato,prosciutto
879,tuna,prosciutto,olives,ham,turkey,pretzels,steak
880,pretzels,peroni,chicken,coke,gelato,olives,prosciutto
881,soda,olives,sarsaparilla,crackers,peroni,chicken,apples
882,pretzels,peroni,chicken,coke,gelato,tuna,sarsaparilla
883,pretzels,peroni,chicken,coke,gelato,sarsaparilla,peppers
884,tuna,prosciutto,apples,olives,steak,moscato,risotto
885,avocado,crackers,hummus,peroni,ham,soda,sarsaparilla
886,risotto,tuna,avocado,hummus,peroni,olives,olives
887,prosciutto,peppers,sarsaparilla,crackers,chicken,hummus,tuna
888,olives,sarsaparilla,coke,turkey,gelato,soda,pretzels
889,pretzels,peroni,chicken,coke,gelato,peppers,crackers
890,avocado,crackers,hummus,peroni,ham,apples,peppers
891,risotto,tuna,avocado,hummus,peroni,olives,chicken
892,risotto,tuna,avocado,hummus,peroni,sarsaparilla,prosciutto
893,prosciutto,peppers,sarsaparilla,crackers,chicken,apples,soda
894,soda,olives,sarsaparilla,crackers,peroni,gelato,apples
895,risotto,tuna,avocado,hummus,peroni,steak,chicken
896,risotto,pretzels,apples,peppers,avocado,gelato,soda
897,pretzels,peroni,chicken,coke,gelato,hummus,prosciutto
898,pretzels,peroni,chicken,coke,gelato,risotto,hummus
899,avocado,crackers,hummus,peroni,ham,prosciutto,sarsaparilla
900,risotto,soda,tuna,crackers,peroni,pretzels,peppers
901,pretzels,peroni,chicken,coke,gelato,peppers,sarsaparilla
902,risotto,pretzels,apples,peppers,avocado,coke,steak
903,risotto,soda,tuna,crackers,peroni,apples,chicken
904,soda,olives,sarsaparilla,crackers,peroni,peppers,apples
905,soda,olives,sarsaparilla,crackers,peroni,turkey,tuna
906,soda,olives,sarsaparilla,crackers,peroni,turkey,avocado
907,tuna,prosciutto,apples,olives,steak,chicken,hummus
908,risotto,pretzels,apples,peppers,avocado,olives,turkey
909,tuna,prosciutto,olives,ham,turkey,chicken,peppers
910,risotto,soda,tuna,crackers,peroni,avocado,steak
911,pretzels,peroni,chicken,coke,gelato,steak,ham
912,tuna,prosciutto,apples,olives,steak,coke,peroni
913,tuna,prosciutto,apples,olives,steak,peppers,gelato
914,tuna,prosciutto,apples,olives,steak,ham,peroni
915,soda,olives,sarsaparilla,crackers,peroni,risotto,hummus
916,tuna,prosciutto,apples,olives,steak,turkey,risotto
917,avocado,crackers,hummus,peroni,ham,steak,steak
918,risotto,tuna,avocado,hummus,peroni,moscato,coke
919,risotto,soda,tuna,crackers,peroni,apples,hummus
920,risotto,tuna,avocado,hummus,peroni,olives,crackers
921,pretzels,peroni,chicken,coke,gelato,steak,crackers
922,avocado,crackers,hummus,peroni,ham,gelato,apples
923,pretzels,peroni,chicken,coke,gelato,sarsaparilla,turkey
924,soda,olives,sarsaparilla,crackers,peroni,pretzels,avocado
925,risotto,pretzels,apples,peppers,avocado,sarsaparilla,coke
926,soda,olives,sarsaparilla,crackers,peroni,tuna,tuna
927,risotto,pretzels,apples,peppers,avocado,chicken,tuna
928,olives,sarsaparilla,coke,turkey,gelato,crackers,risotto
929,risotto,pretzels,apples,peppers,avocado,sarsaparilla,olives
930,pretzels,peroni,chicken,coke,gelato,hummus,turkey
931,tuna,prosciutto,olives,ham,turkey,soda,soda
932,pretzels,peroni,chicken,coke,gelato,moscato,olives
933,prosciutto,peppers,sarsaparilla,crackers,chicken,tuna,steak
934,pretzels,peroni,chicken,coke,gelato,prosciutto,steak
935,tuna,prosciutto,olives,ham,turkey,chicken,sarsaparilla
936,tuna,prosciutto,apples,olives,steak,turkey,gelato
937,risotto,tuna,avocado,hummus,peroni,turkey,turkey
938,risotto,pretzels,apples,peppers,avocado,gelato,olives
939,soda,olives,sarsaparilla,crackers,peroni,risotto,peppers
940,risotto,tuna,avocado,hummus,peroni,sarsaparilla,steak
941,risotto,pretzels,apples,peppers,avocado,sarsaparilla,sarsaparilla
942,risotto,soda,tuna,crackers,peroni,steak,prosciutto
943,avocado,crackers,hummus,peroni,ham,turkey,chicken
944,risotto,pretzels,apples,peppers,avocado,sarsaparilla,chicken
945,pretzels,peroni,chicken,coke,gelato,avocado,crackers
946,risotto,pretzels,apples,peppers,avocado,coke,crackers
947,soda,olives,sarsaparilla,crackers,peroni,turkey,hummus
948,risotto,soda,tuna,crackers,peroni,steak,olives
949,pretzels,peroni,chicken,coke,gelato,moscato,crackers
950,olives,sarsaparilla,coke,turkey,gelato,ham,hummus
951,risotto,soda,tuna,crackers,peroni,coke,avocado
952,risotto,soda,tuna,crackers,peroni,steak,pretzels
953,risotto,soda,tuna,crackers,peroni,chicken,prosciutto
954,risotto,soda,tuna,crackers,peroni,pretzels,hummus
955,tuna,prosciutto,olives,ham,turkey,sarsaparilla,soda
956,soda,olives,sarsaparilla,crackers,peroni,prosciutto,tuna
957,prosciutto,peppers,sarsaparilla,crackers,chicken,soda,olives
958,pretzels,peroni,chicken,coke,gelato,olives,crackers
959,prosciutto,peppers,sarsaparilla,crackers,chicken,peroni,apples
960,tuna,prosciutto,olives,ham,turkey,soda,sarsaparilla
961,soda,olives,sarsaparilla,crackers,peroni,coke,gelato
962,soda,olives,sarsaparilla,crackers,peroni,pretzels,peppers
963,risotto,pretzels,apples,peppers,avocado,gelato,coke
964,prosciutto,peppers,sarsaparilla,crackers,chicken,hummus,hummus
965,tuna,prosciutto,olives,ham,turkey,peroni,hummus
966,prosciutto,peppers,sarsaparilla,crackers,chicken,peroni,turkey
967,risotto,soda,tuna,crackers,peroni,turkey,sarsaparilla
968,risotto,tuna,avocado,hummus,peroni,apples,prosciutto
969,tuna,prosciutto,olives,ham,turkey,peppers,pretzels
970,pretzels,peroni,chicken,coke,gelato,ham,risotto
971,tuna,prosciutto,olives,ham,turkey,hummus,risotto
972,prosciutto,peppers,sarsaparilla,crackers,chicken,coke,apples
973,risotto,soda,tuna,crackers,peroni,gelato,coke
974,risotto,pretzels,apples,peppers,avocado,sarsaparilla,gelato
975,risotto,soda,tuna,crackers,peroni,ham,sarsaparilla
976,avocado,crackers,hummus,peroni,ham,steak,tuna
977,olives,sarsaparilla,coke,turkey,gelato,prosciutto,crackers
978,avocado,crackers,hummus,peroni,ham,apples,tuna
979,tuna,prosciutto,apples,olives,steak,chicken,avocado
980,risotto,tuna,avocado,hummus,peroni,sarsaparilla,sarsaparilla
981,risotto,soda,tuna,crackers,peroni,steak,hummus
982,olives,sarsaparilla,coke,turkey,gelato,hummus,ham
983,risotto,soda,tuna,crackers,peroni,sarsaparilla,peppers
984,pretzels,peroni,chicken,coke,gelato,ham,soda
985,olives,sarsaparilla,coke,turkey,gelato,apples,pretzels
986,soda,olives,sarsaparilla,crackers,peroni,coke,ham
987,soda,olives,sarsaparilla,crackers,peroni,coke,risotto
988,risotto,soda,tuna,crackers,peroni,chicken,peppers
989,soda,olives,sarsaparilla,crackers,peroni,prosciutto,chicken
990,tuna,prosciutto,apples,olives,steak,turkey,gelato
991,pretzels,peroni,chicken,coke,gelato,tuna,olives
992,olives,sarsaparilla,coke,turkey,gelato,apples,soda
993,avocado,crackers,hummus,peroni,ham,chicken,chicken
994,tuna,prosciutto,apples,olives,steak,crackers,hummus
995,risotto,tuna,avocado,hummus,peroni,chicken,apples
996,risotto,soda,tuna,crackers,peroni,gelato,steak
997,avocado,crackers,hummus,peroni,ham,chicken,sarsaparilla
998,tuna,prosciutto,olives,ham,turkey,risotto,apples
999,risotto,soda,tuna,crackers,peroni,pretzels,pretzels
1000,pretzels,peroni,chicken,coke,gelato,prosciutto,peppers
